Price,Close,High,Low,Open,Volume
Ticker,9983.T,9983.T,9983.T,9983.T,9983.T
Datetime,,,,,
2026-02-13 00:05:00+00:00,67910.0,67940.0,67840.0,67880.0,0
2026-02-13 00:06:00+00:00,67950.0,68100.0,67870.0,67880.0,7400
2026-02-13 00:07:00+00:00,67870.0,67950.0,67840.0,67950.0,3800
2026-02-13 00:08:00+00:00,67820.0,67860.0,67700.0,67860.0,7000
2026-02-13 00:09:00+00:00,67870.0,67890.0,67780.0,67830.0,4200
2026-02-13 00:10:00+00:00,67890.0,68050.0,67870.0,67880.0,8500
2026-02-13 00:11:00+00:00,67910.0,67930.0,67840.0,67910.0,2400
2026-02-13 00:12:00+00:00,67970.0,67980.0,67800.0,67910.0,5500
2026-02-13 00:13:00+00:00,67830.0,68070.0,67830.0,67910.0,9800
2026-02-13 00:14:00+00:00,67870.0,67930.0,67790.0,67830.0,3800
2026-02-13 00:15:00+00:00,67850.0,67900.0,67850.0,67860.0,2900
2026-02-13 00:16:00+00:00,67870.0,67880.0,67830.0,67850.0,2600
2026-02-13 00:17:00+00:00,67960.0,68000.0,67870.0,67870.0,6100
2026-02-13 00:18:00+00:00,67940.0,68000.0,67910.0,67950.0,3100
2026-02-13 00:19:00+00:00,67920.0,67950.0,67900.0,67930.0,2800
2026-02-13 00:20:00+00:00,67950.0,67950.0,67890.0,67910.0,3200
2026-02-13 00:21:00+00:00,67900.0,68070.0,67900.0,67960.0,4100
2026-02-13 00:22:00+00:00,67720.0,67900.0,67710.0,67900.0,8600
2026-02-13 00:23:00+00:00,67760.0,67770.0,67650.0,67710.0,6100
2026-02-13 00:24:00+00:00,67790.0,67820.0,67710.0,67780.0,4300
2026-02-13 00:25:00+00:00,67780.0,67780.0,67750.0,67760.0,1500
2026-02-13 00:26:00+00:00,67860.0,67900.0,67760.0,67760.0,7600
2026-02-13 00:27:00+00:00,67770.0,67890.0,67770.0,67870.0,3800
2026-02-13 00:28:00+00:00,67840.0,67870.0,67730.0,67770.0,3500
2026-02-13 00:29:00+00:00,67800.0,67900.0,67800.0,67850.0,4500
2026-02-13 00:30:00+00:00,67770.0,67830.0,67750.0,67790.0,3300
2026-02-13 00:31:00+00:00,67770.0,67790.0,67740.0,67770.0,3100
2026-02-13 00:32:00+00:00,67770.0,67800.0,67730.0,67780.0,1900
2026-02-13 00:33:00+00:00,67680.0,67780.0,67620.0,67750.0,7000
2026-02-13 00:34:00+00:00,67670.0,67710.0,67640.0,67660.0,3100
2026-02-13 00:35:00+00:00,67710.0,67720.0,67640.0,67660.0,2100
2026-02-13 00:36:00+00:00,67730.0,67780.0,67670.0,67690.0,5400
2026-02-13 00:37:00+00:00,67770.0,67770.0,67710.0,67720.0,2200
2026-02-13 00:38:00+00:00,67850.0,67880.0,67790.0,67790.0,4200
2026-02-13 00:39:00+00:00,67910.0,68000.0,67850.0,67850.0,6500
2026-02-13 00:40:00+00:00,67920.0,67990.0,67880.0,67910.0,3200
2026-02-13 00:41:00+00:00,67950.0,68000.0,67910.0,67920.0,3900
2026-02-13 00:42:00+00:00,67910.0,67930.0,67900.0,67920.0,1400
2026-02-13 00:43:00+00:00,67890.0,67910.0,67890.0,67910.0,500
2026-02-13 00:44:00+00:00,67880.0,67900.0,67820.0,67900.0,3500
2026-02-13 00:45:00+00:00,67920.0,67940.0,67890.0,67890.0,2400
2026-02-13 00:46:00+00:00,67890.0,67910.0,67880.0,67890.0,1100
2026-02-13 00:47:00+00:00,67910.0,67930.0,67860.0,67910.0,3300
2026-02-13 00:48:00+00:00,67970.0,67970.0,67860.0,67890.0,3700
2026-02-13 00:49:00+00:00,68010.0,68010.0,67930.0,67980.0,3900
2026-02-13 00:50:00+00:00,67970.0,68050.0,67970.0,68000.0,2500
2026-02-13 00:51:00+00:00,67910.0,67960.0,67910.0,67960.0,1700
2026-02-13 00:52:00+00:00,67870.0,67930.0,67850.0,67920.0,4300
2026-02-13 00:53:00+00:00,67790.0,67880.0,67780.0,67880.0,4000
2026-02-13 00:54:00+00:00,67790.0,67840.0,67780.0,67810.0,2100
2026-02-13 00:55:00+00:00,67690.0,67770.0,67660.0,67770.0,1400
2026-02-13 00:56:00+00:00,67820.0,67820.0,67690.0,67690.0,5000
2026-02-13 00:57:00+00:00,67830.0,67830.0,67740.0,67830.0,900
2026-02-13 00:58:00+00:00,67810.0,67860.0,67810.0,67860.0,1000
2026-02-13 00:59:00+00:00,67820.0,67830.0,67800.0,67810.0,1400
2026-02-13 01:00:00+00:00,67850.0,67890.0,67770.0,67830.0,3100
2026-02-13 01:01:00+00:00,67820.0,67850.0,67820.0,67840.0,2400
2026-02-13 01:02:00+00:00,67840.0,67870.0,67840.0,67840.0,300
2026-02-13 01:03:00+00:00,67840.0,67890.0,67830.0,67890.0,1000
2026-02-13 01:04:00+00:00,67850.0,67850.0,67820.0,67840.0,1600
2026-02-13 01:05:00+00:00,67950.0,67950.0,67850.0,67860.0,2400
2026-02-13 01:06:00+00:00,68160.0,68180.0,67960.0,67960.0,5200
2026-02-13 01:07:00+00:00,68300.0,68300.0,68150.0,68190.0,6300
2026-02-13 01:08:00+00:00,68230.0,68310.0,68230.0,68290.0,2500
2026-02-13 01:09:00+00:00,68210.0,68220.0,68150.0,68220.0,2600
2026-02-13 01:10:00+00:00,68240.0,68260.0,68200.0,68260.0,1600
2026-02-13 01:11:00+00:00,68250.0,68270.0,68240.0,68260.0,1300
2026-02-13 01:12:00+00:00,68290.0,68290.0,68250.0,68250.0,1700
2026-02-13 01:13:00+00:00,68260.0,68280.0,68240.0,68280.0,1100
2026-02-13 01:14:00+00:00,68170.0,68260.0,68170.0,68260.0,2000
2026-02-13 01:15:00+00:00,68270.0,68270.0,68190.0,68190.0,1900
2026-02-13 01:16:00+00:00,68240.0,68250.0,68230.0,68250.0,600
2026-02-13 01:17:00+00:00,68310.0,68350.0,68240.0,68240.0,3400
2026-02-13 01:18:00+00:00,68290.0,68310.0,68270.0,68310.0,4700
2026-02-13 01:19:00+00:00,68310.0,68310.0,68270.0,68280.0,1300
2026-02-13 01:20:00+00:00,68240.0,68320.0,68220.0,68310.0,3100
2026-02-13 01:21:00+00:00,68230.0,68260.0,68230.0,68250.0,900
2026-02-13 01:22:00+00:00,68270.0,68270.0,68190.0,68210.0,3000
2026-02-13 01:23:00+00:00,68290.0,68350.0,68280.0,68280.0,2500
2026-02-13 01:24:00+00:00,68300.0,68320.0,68280.0,68280.0,900
2026-02-13 01:25:00+00:00,68310.0,68340.0,68300.0,68300.0,1100
2026-02-13 01:26:00+00:00,68330.0,68340.0,68270.0,68290.0,1600
2026-02-13 01:27:00+00:00,68300.0,68330.0,68300.0,68310.0,700
2026-02-13 01:28:00+00:00,68320.0,68340.0,68280.0,68280.0,1000
2026-02-13 01:29:00+00:00,68360.0,68360.0,68320.0,68320.0,700
2026-02-13 01:30:00+00:00,68350.0,68370.0,68330.0,68350.0,1800
2026-02-13 01:31:00+00:00,68300.0,68360.0,68300.0,68350.0,1800
2026-02-13 01:32:00+00:00,68290.0,68300.0,68260.0,68300.0,1800
2026-02-13 01:33:00+00:00,68290.0,68290.0,68290.0,68290.0,200
2026-02-13 01:34:00+00:00,68290.0,68310.0,68290.0,68300.0,1100
2026-02-13 01:35:00+00:00,68300.0,68300.0,68300.0,68300.0,300
2026-02-13 01:36:00+00:00,68300.0,68300.0,68300.0,68300.0,300
2026-02-13 01:37:00+00:00,68260.0,68290.0,68260.0,68290.0,1000
2026-02-13 01:38:00+00:00,68400.0,68400.0,68270.0,68270.0,4800
2026-02-13 01:39:00+00:00,68390.0,68430.0,68370.0,68410.0,2600
2026-02-13 01:40:00+00:00,68320.0,68390.0,68320.0,68390.0,2000
2026-02-13 01:41:00+00:00,68310.0,68320.0,68300.0,68320.0,1000
2026-02-13 01:42:00+00:00,68380.0,68390.0,68330.0,68340.0,2000
2026-02-13 01:43:00+00:00,68390.0,68390.0,68380.0,68380.0,400
2026-02-13 01:44:00+00:00,68390.0,68410.0,68350.0,68400.0,1500
2026-02-13 01:45:00+00:00,68390.0,68430.0,68380.0,68420.0,1600
2026-02-13 01:46:00+00:00,68370.0,68390.0,68360.0,68390.0,700
2026-02-13 01:47:00+00:00,68360.0,68400.0,68360.0,68380.0,1700
2026-02-13 01:48:00+00:00,68350.0,68390.0,68340.0,68370.0,1200
2026-02-13 01:49:00+00:00,68330.0,68360.0,68330.0,68360.0,500
2026-02-13 01:50:00+00:00,68360.0,68380.0,68350.0,68350.0,800
2026-02-13 01:51:00+00:00,68420.0,68440.0,68390.0,68390.0,700
2026-02-13 01:52:00+00:00,68340.0,68420.0,68340.0,68420.0,2700
2026-02-13 01:53:00+00:00,68330.0,68370.0,68330.0,68370.0,800
2026-02-13 01:54:00+00:00,68340.0,68350.0,68330.0,68340.0,1200
2026-02-13 01:55:00+00:00,68380.0,68380.0,68320.0,68330.0,700
2026-02-13 01:56:00+00:00,68350.0,68360.0,68320.0,68320.0,500
2026-02-13 01:57:00+00:00,68340.0,68350.0,68300.0,68330.0,1500
2026-02-13 01:58:00+00:00,68390.0,68410.0,68350.0,68350.0,2400
2026-02-13 01:59:00+00:00,68420.0,68450.0,68390.0,68390.0,2100
2026-02-13 02:00:00+00:00,68540.0,68540.0,68430.0,68430.0,4700
2026-02-13 02:01:00+00:00,68570.0,68600.0,68540.0,68550.0,1900
2026-02-13 02:02:00+00:00,68540.0,68580.0,68530.0,68580.0,1600
2026-02-13 02:03:00+00:00,68530.0,68550.0,68520.0,68520.0,600
2026-02-13 02:04:00+00:00,68530.0,68570.0,68520.0,68560.0,1500
2026-02-13 02:05:00+00:00,68550.0,68560.0,68510.0,68510.0,1300
2026-02-13 02:06:00+00:00,68580.0,68580.0,68530.0,68540.0,1300
2026-02-13 02:07:00+00:00,68580.0,68610.0,68550.0,68580.0,2200
2026-02-13 02:08:00+00:00,68580.0,68600.0,68570.0,68580.0,900
2026-02-13 02:09:00+00:00,68600.0,68600.0,68570.0,68590.0,400
2026-02-13 02:10:00+00:00,68650.0,68650.0,68590.0,68610.0,1900
2026-02-13 02:11:00+00:00,68650.0,68650.0,68620.0,68620.0,800
2026-02-13 02:12:00+00:00,68570.0,68650.0,68570.0,68640.0,3700
2026-02-13 02:13:00+00:00,68540.0,68560.0,68540.0,68560.0,400
2026-02-13 02:14:00+00:00,68570.0,68570.0,68570.0,68570.0,400
2026-02-13 02:15:00+00:00,68460.0,68550.0,68440.0,68550.0,4100
2026-02-13 02:16:00+00:00,68460.0,68460.0,68440.0,68440.0,500
2026-02-13 02:17:00+00:00,68500.0,68530.0,68460.0,68460.0,2500
2026-02-13 02:18:00+00:00,68470.0,68470.0,68470.0,68470.0,100
2026-02-13 02:19:00+00:00,68500.0,68500.0,68490.0,68500.0,400
2026-02-13 02:20:00+00:00,68410.0,68480.0,68410.0,68480.0,1400
2026-02-13 02:21:00+00:00,68420.0,68440.0,68410.0,68440.0,300
2026-02-13 02:22:00+00:00,68390.0,68430.0,68390.0,68430.0,900
2026-02-13 02:23:00+00:00,68410.0,68420.0,68390.0,68390.0,700
2026-02-13 02:24:00+00:00,68410.0,68430.0,68390.0,68410.0,1700
2026-02-13 02:25:00+00:00,68390.0,68410.0,68360.0,68410.0,2200
2026-02-13 02:26:00+00:00,68400.0,68400.0,68370.0,68380.0,1000
2026-02-13 02:27:00+00:00,68450.0,68450.0,68440.0,68440.0,400
2026-02-13 02:28:00+00:00,68480.0,68490.0,68430.0,68430.0,1700
2026-02-13 02:29:00+00:00,68460.0,68500.0,68460.0,68500.0,800
2026-02-13 02:30:00+00:00,68450.0,68460.0,68450.0,68460.0,900
2026-02-13 03:30:00+00:00,68410.0,68410.0,68300.0,68380.0,11300
2026-02-13 03:31:00+00:00,68380.0,68460.0,68380.0,68400.0,3100
2026-02-13 03:32:00+00:00,68340.0,68380.0,68320.0,68380.0,2600
2026-02-13 03:33:00+00:00,68310.0,68350.0,68290.0,68340.0,3500
2026-02-13 03:34:00+00:00,68350.0,68370.0,68300.0,68300.0,1700
2026-02-13 03:35:00+00:00,68310.0,68330.0,68300.0,68330.0,1500
2026-02-13 03:36:00+00:00,68290.0,68310.0,68290.0,68300.0,1800
2026-02-13 03:37:00+00:00,68260.0,68300.0,68240.0,68300.0,3100
2026-02-13 03:38:00+00:00,68290.0,68290.0,68260.0,68260.0,1100
2026-02-13 03:39:00+00:00,68280.0,68300.0,68280.0,68300.0,600
2026-02-13 03:40:00+00:00,68310.0,68390.0,68300.0,68300.0,4400
2026-02-13 03:41:00+00:00,68340.0,68340.0,68300.0,68320.0,1000
2026-02-13 03:42:00+00:00,68370.0,68420.0,68340.0,68340.0,2300
2026-02-13 03:43:00+00:00,68340.0,68380.0,68340.0,68360.0,800
2026-02-13 03:44:00+00:00,68330.0,68390.0,68330.0,68330.0,2100
2026-02-13 03:45:00+00:00,68340.0,68340.0,68310.0,68310.0,400
2026-02-13 03:46:00+00:00,68340.0,68340.0,68320.0,68320.0,200
2026-02-13 03:47:00+00:00,68350.0,68350.0,68330.0,68340.0,800
2026-02-13 03:48:00+00:00,68400.0,68400.0,68350.0,68350.0,2000
2026-02-13 03:49:00+00:00,68470.0,68490.0,68400.0,68400.0,3100
2026-02-13 03:50:00+00:00,68460.0,68460.0,68420.0,68460.0,1400
2026-02-13 03:51:00+00:00,68430.0,68470.0,68430.0,68470.0,200
2026-02-13 03:52:00+00:00,68380.0,68440.0,68360.0,68430.0,2100
2026-02-13 03:53:00+00:00,68430.0,68430.0,68400.0,68400.0,500
2026-02-13 03:54:00+00:00,68280.0,68400.0,68270.0,68400.0,3800
2026-02-13 03:55:00+00:00,68320.0,68360.0,68290.0,68290.0,6000
2026-02-13 03:56:00+00:00,68360.0,68360.0,68330.0,68340.0,1300
2026-02-13 03:57:00+00:00,68370.0,68370.0,68370.0,68370.0,900
2026-02-13 03:58:00+00:00,68370.0,68370.0,68350.0,68360.0,400
2026-02-13 03:59:00+00:00,68360.0,68380.0,68360.0,68370.0,900
2026-02-13 04:00:00+00:00,68370.0,68380.0,68340.0,68380.0,2700
2026-02-13 04:01:00+00:00,68380.0,68380.0,68360.0,68370.0,900
2026-02-13 04:02:00+00:00,68370.0,68390.0,68370.0,68370.0,900
2026-02-13 04:03:00+00:00,68350.0,68350.0,68350.0,68350.0,200
2026-02-13 04:04:00+00:00,68330.0,68340.0,68330.0,68340.0,800
2026-02-13 04:05:00+00:00,68300.0,68330.0,68300.0,68330.0,2800
2026-02-13 04:06:00+00:00,68330.0,68330.0,68310.0,68310.0,800
2026-02-13 04:07:00+00:00,68310.0,68310.0,68310.0,68310.0,400
2026-02-13 04:08:00+00:00,68300.0,68310.0,68300.0,68310.0,200
2026-02-13 04:09:00+00:00,68320.0,68330.0,68300.0,68300.0,700
2026-02-13 04:10:00+00:00,68320.0,68330.0,68320.0,68330.0,500
2026-02-13 04:11:00+00:00,68340.0,68340.0,68340.0,68340.0,100
2026-02-13 04:12:00+00:00,68340.0,68350.0,68330.0,68350.0,600
2026-02-13 04:13:00+00:00,68350.0,68360.0,68350.0,68350.0,400
2026-02-13 04:14:00+00:00,68320.0,68320.0,68320.0,68320.0,100
2026-02-13 04:15:00+00:00,68340.0,68340.0,68320.0,68320.0,1300
2026-02-13 04:16:00+00:00,68520.0,68520.0,68370.0,68370.0,6200
2026-02-13 04:17:00+00:00,68580.0,68600.0,68540.0,68540.0,3400
2026-02-13 04:18:00+00:00,68600.0,68600.0,68560.0,68570.0,2000
2026-02-13 04:19:00+00:00,68570.0,68600.0,68570.0,68580.0,2600
2026-02-13 04:20:00+00:00,68530.0,68590.0,68530.0,68580.0,1900
2026-02-13 04:21:00+00:00,68500.0,68520.0,68500.0,68520.0,600
2026-02-13 04:22:00+00:00,68520.0,68520.0,68500.0,68500.0,500
2026-02-13 04:23:00+00:00,68520.0,68520.0,68510.0,68510.0,400
2026-02-13 04:24:00+00:00,68540.0,68550.0,68530.0,68530.0,1000
2026-02-13 04:25:00+00:00,68540.0,68550.0,68540.0,68550.0,200
2026-02-13 04:26:00+00:00,68530.0,68550.0,68530.0,68530.0,300
2026-02-13 04:27:00+00:00,68530.0,68530.0,68520.0,68530.0,400
2026-02-13 04:28:00+00:00,68570.0,68570.0,68540.0,68540.0,700
2026-02-13 04:29:00+00:00,68550.0,68580.0,68550.0,68580.0,1400
2026-02-13 04:30:00+00:00,68570.0,68570.0,68540.0,68560.0,1200
2026-02-13 04:31:00+00:00,68610.0,68610.0,68580.0,68580.0,2600
2026-02-13 04:32:00+00:00,68560.0,68610.0,68560.0,68610.0,1900
2026-02-13 04:33:00+00:00,68560.0,68560.0,68540.0,68540.0,200
2026-02-13 04:34:00+00:00,68530.0,68540.0,68530.0,68540.0,800
2026-02-13 04:35:00+00:00,68540.0,68540.0,68540.0,68540.0,100
2026-02-13 04:36:00+00:00,68580.0,68580.0,68540.0,68540.0,1100
2026-02-13 04:37:00+00:00,68710.0,68720.0,68590.0,68590.0,9900
2026-02-13 04:38:00+00:00,68670.0,68710.0,68670.0,68710.0,3800
2026-02-13 04:39:00+00:00,68670.0,68670.0,68660.0,68670.0,900
2026-02-13 04:40:00+00:00,68660.0,68680.0,68660.0,68680.0,400
2026-02-13 04:41:00+00:00,68690.0,68720.0,68680.0,68690.0,800
2026-02-13 04:42:00+00:00,68740.0,68750.0,68720.0,68720.0,900
2026-02-13 04:43:00+00:00,68680.0,68740.0,68680.0,68740.0,2200
2026-02-13 04:44:00+00:00,68700.0,68700.0,68680.0,68680.0,700
2026-02-13 04:45:00+00:00,68690.0,68720.0,68690.0,68720.0,700
2026-02-13 04:46:00+00:00,68680.0,68680.0,68670.0,68680.0,700
2026-02-13 04:47:00+00:00,68670.0,68670.0,68670.0,68670.0,100
2026-02-13 04:48:00+00:00,68680.0,68690.0,68670.0,68670.0,900
2026-02-13 04:49:00+00:00,68710.0,68720.0,68680.0,68690.0,800
2026-02-13 04:50:00+00:00,68760.0,68780.0,68730.0,68730.0,1900
2026-02-13 04:51:00+00:00,68730.0,68790.0,68730.0,68770.0,1100
2026-02-13 04:52:00+00:00,68710.0,68730.0,68700.0,68730.0,900
2026-02-13 04:53:00+00:00,68730.0,68740.0,68720.0,68730.0,600
2026-02-13 04:54:00+00:00,68750.0,68750.0,68730.0,68730.0,300
2026-02-13 04:55:00+00:00,68790.0,68790.0,68740.0,68740.0,1000
2026-02-13 04:56:00+00:00,68770.0,68780.0,68730.0,68780.0,1600
2026-02-13 04:57:00+00:00,68750.0,68750.0,68750.0,68750.0,200
2026-02-13 04:58:00+00:00,68800.0,68800.0,68760.0,68760.0,2700
2026-02-13 04:59:00+00:00,68810.0,68810.0,68780.0,68790.0,700
2026-02-13 05:00:00+00:00,68820.0,68840.0,68810.0,68820.0,1400
2026-02-13 05:01:00+00:00,68850.0,68860.0,68810.0,68810.0,1400
2026-02-13 05:02:00+00:00,68870.0,68880.0,68860.0,68880.0,600
2026-02-13 05:03:00+00:00,68810.0,68880.0,68810.0,68880.0,2500
2026-02-13 05:04:00+00:00,68770.0,68810.0,68750.0,68810.0,4900
2026-02-13 05:05:00+00:00,68800.0,68810.0,68780.0,68780.0,600
2026-02-13 05:06:00+00:00,68780.0,68790.0,68780.0,68790.0,400
2026-02-13 05:07:00+00:00,68790.0,68790.0,68760.0,68780.0,1200
2026-02-13 05:08:00+00:00,68830.0,68850.0,68800.0,68800.0,2000
2026-02-13 05:09:00+00:00,68820.0,68820.0,68820.0,68820.0,300
2026-02-13 05:10:00+00:00,68810.0,68820.0,68800.0,68820.0,600
2026-02-13 05:11:00+00:00,68810.0,68830.0,68800.0,68830.0,1900
2026-02-13 05:12:00+00:00,68820.0,68820.0,68820.0,68820.0,100
2026-02-13 05:13:00+00:00,68800.0,68810.0,68800.0,68810.0,700
2026-02-13 05:14:00+00:00,68810.0,68820.0,68800.0,68800.0,1400
2026-02-13 05:15:00+00:00,68810.0,68820.0,68790.0,68810.0,2400
2026-02-13 05:16:00+00:00,68810.0,68820.0,68780.0,68800.0,2500
2026-02-13 05:17:00+00:00,68800.0,68830.0,68790.0,68820.0,1600
2026-02-13 05:18:00+00:00,68820.0,68830.0,68820.0,68820.0,400
2026-02-13 05:19:00+00:00,68820.0,68830.0,68820.0,68830.0,400
2026-02-13 05:20:00+00:00,68790.0,68810.0,68770.0,68810.0,1900
2026-02-13 05:21:00+00:00,68770.0,68800.0,68770.0,68790.0,1600
2026-02-13 05:22:00+00:00,68740.0,68770.0,68740.0,68760.0,1700
2026-02-13 05:23:00+00:00,68740.0,68820.0,68730.0,68740.0,3700
2026-02-13 05:24:00+00:00,68740.0,68770.0,68710.0,68770.0,3700
2026-02-13 05:25:00+00:00,68730.0,68770.0,68730.0,68740.0,2200
2026-02-13 05:26:00+00:00,68710.0,68730.0,68690.0,68720.0,4000
2026-02-13 05:27:00+00:00,68750.0,68760.0,68690.0,68690.0,2000
2026-02-13 05:28:00+00:00,68820.0,68830.0,68740.0,68740.0,3100
2026-02-13 05:29:00+00:00,68800.0,68820.0,68790.0,68800.0,1000
2026-02-13 05:30:00+00:00,68800.0,68830.0,68790.0,68820.0,3800
2026-02-13 05:31:00+00:00,68820.0,68820.0,68790.0,68800.0,1900
2026-02-13 05:32:00+00:00,68810.0,68830.0,68800.0,68800.0,2700
2026-02-13 05:33:00+00:00,68890.0,68890.0,68790.0,68800.0,8100
2026-02-13 05:34:00+00:00,68890.0,68930.0,68870.0,68900.0,4600
2026-02-13 05:35:00+00:00,68890.0,68890.0,68820.0,68860.0,4900
2026-02-13 05:36:00+00:00,68890.0,68900.0,68860.0,68890.0,1200
2026-02-13 05:37:00+00:00,68900.0,68900.0,68880.0,68880.0,2300
2026-02-13 05:38:00+00:00,68980.0,68980.0,68900.0,68900.0,5700
2026-02-13 05:39:00+00:00,69010.0,69050.0,68980.0,68980.0,8300
2026-02-13 05:40:00+00:00,69010.0,69010.0,68980.0,69010.0,1300
2026-02-13 05:41:00+00:00,68990.0,69020.0,68990.0,69010.0,1300
2026-02-13 05:42:00+00:00,69000.0,69030.0,69000.0,69030.0,1500
2026-02-13 05:43:00+00:00,69000.0,69020.0,68980.0,69020.0,3000
2026-02-13 05:44:00+00:00,69030.0,69050.0,69010.0,69010.0,2600
2026-02-13 05:45:00+00:00,69020.0,69060.0,69020.0,69040.0,3600
2026-02-13 05:46:00+00:00,69110.0,69110.0,69040.0,69040.0,3800
2026-02-13 05:47:00+00:00,69110.0,69120.0,69080.0,69100.0,3500
2026-02-13 05:48:00+00:00,69180.0,69190.0,69100.0,69110.0,3200
2026-02-13 05:49:00+00:00,69180.0,69200.0,69140.0,69190.0,4900
2026-02-13 05:50:00+00:00,69180.0,69180.0,69130.0,69180.0,2200
2026-02-13 05:51:00+00:00,69180.0,69190.0,69150.0,69170.0,3300
2026-02-13 05:52:00+00:00,69150.0,69170.0,69150.0,69150.0,600
2026-02-13 05:53:00+00:00,69100.0,69160.0,69080.0,69160.0,4000
2026-02-13 05:54:00+00:00,69050.0,69110.0,69030.0,69110.0,2600
2026-02-13 05:55:00+00:00,69180.0,69190.0,69060.0,69060.0,5700
2026-02-13 05:56:00+00:00,69180.0,69220.0,69180.0,69190.0,4200
2026-02-13 05:57:00+00:00,69140.0,69180.0,69140.0,69170.0,3900
2026-02-13 05:58:00+00:00,69160.0,69160.0,69130.0,69160.0,600
2026-02-13 05:59:00+00:00,69180.0,69180.0,69150.0,69150.0,1500
2026-02-13 06:00:00+00:00,69270.0,69270.0,69190.0,69190.0,4900
2026-02-13 06:01:00+00:00,69360.0,69370.0,69280.0,69280.0,4400
2026-02-13 06:02:00+00:00,69330.0,69380.0,69310.0,69380.0,3800
2026-02-13 06:03:00+00:00,69330.0,69340.0,69300.0,69330.0,2200
2026-02-13 06:04:00+00:00,69270.0,69340.0,69270.0,69330.0,3900
2026-02-13 06:05:00+00:00,69330.0,69330.0,69280.0,69280.0,2200
2026-02-13 06:06:00+00:00,69310.0,69330.0,69310.0,69320.0,1400
2026-02-13 06:07:00+00:00,69290.0,69330.0,69290.0,69320.0,2400
2026-02-13 06:08:00+00:00,69280.0,69320.0,69260.0,69280.0,4100
2026-02-13 06:09:00+00:00,69330.0,69330.0,69280.0,69280.0,1900
2026-02-13 06:10:00+00:00,69310.0,69310.0,69280.0,69300.0,3200
2026-02-13 06:11:00+00:00,69270.0,69320.0,69260.0,69310.0,4200
2026-02-13 06:12:00+00:00,69300.0,69320.0,69280.0,69280.0,1700
2026-02-13 06:13:00+00:00,69340.0,69370.0,69310.0,69310.0,7400
2026-02-13 06:14:00+00:00,69350.0,69380.0,69350.0,69350.0,2800
2026-02-13 06:15:00+00:00,69310.0,69360.0,69290.0,69360.0,7000
2026-02-13 06:16:00+00:00,69310.0,69310.0,69290.0,69300.0,3400
2026-02-13 06:17:00+00:00,69330.0,69350.0,69300.0,69300.0,5600
2026-02-13 06:18:00+00:00,69280.0,69310.0,69250.0,69310.0,5400
2026-02-13 06:19:00+00:00,69310.0,69320.0,69280.0,69280.0,5900
2026-02-13 06:20:00+00:00,69320.0,69320.0,69300.0,69300.0,2500
2026-02-13 06:21:00+00:00,69340.0,69350.0,69300.0,69320.0,7700
2026-02-13 06:22:00+00:00,69290.0,69340.0,69250.0,69340.0,9800
2026-02-13 06:23:00+00:00,69250.0,69320.0,69200.0,69300.0,10900
2026-02-13 06:24:00+00:00,69340.0,69360.0,69270.0,69270.0,10000
